run,timestep,Shue97_r_0,Shue97_a_0,Shue97_fit_loss,Shue97_grad_J_fit_over_ip,Shue97_delta_r_0,Shue97_time_taken_s,Liu12_r_0,Liu12_a_0,Liu12_a_1,Liu12_a_2,Liu12_d_n,Liu12_l_n,Liu12_s_n,Liu12_d_s,Liu12_l_s,Liu12_s_s,Liu12_fit_loss,Liu12_grad_J_fit_over_ip,Liu12_delta_r_0,Liu12_time_taken_s,Rolland25_r_0,Rolland25_a_0,Rolland25_a_1,Rolland25_a_2,Rolland25_d_n,Rolland25_l_n,Rolland25_s_n,Rolland25_d_s,Rolland25_l_s,Rolland25_s_s,Rolland25_e,Rolland25_fit_loss,Rolland25_grad_J_fit_over_ip,Rolland25_delta_r_0,Rolland25_time_taken_s
1,18000,9.77649,0.681289,2.21678,1.60941,2.61671,0.174278,10.5229,0.521565,-8.45797e-05,0.178429,5.73403,0.303944,0.483244,5.85214,0.314331,0.476352,1.12519,1.65446,3.36314,0.561022,8.65656,0.268284,-2.37545e-05,0.182655,3.64369,0.136147,2.23646,3.12467,0.211808,2.68273,0.413582,0.926704,1.61649,1.49679,1.49653
1,18300,9.81047,0.670737,2.4667,1.6704,2.65556,0.0438688,10.5107,0.509274,0.000142948,0.18702,5.81011,0.304845,0.468272,5.77452,0.304088,0.471448,1.23163,1.71612,3.35579,0.582897,8.67799,0.268724,0.000203127,0.190217,3.46021,0.212948,3.02005,3.32495,0.207631,2.89668,0.397602,1.04794,1.61988,1.52307,1.51623
1,18600,9.82033,0.665407,2.48649,1.70922,2.66671,0.0430057,10.5043,0.50271,0.000389605,0.190609,5.68827,0.279862,0.481512,5.47846,0.231318,0.515854,1.22671,1.74984,3.35071,0.448466,8.67451,0.263006,0.000461805,0.19319,3.81718,0.220653,3.60047,4.11647,0.131762,2.70425,0.396794,1.04718,1.63239,1.5209,1.56066
1,18900,9.86059,0.66149,2.18737,1.6934,2.70728,0.0453371,10.5217,0.506902,0.000254245,0.180995,5.32263,0.231308,0.529633,5.44125,0.239714,0.521338,1.10137,1.75681,3.36835,0.457919,8.65957,0.257612,0.00030671,0.1822,5.43688,0.223494,5.94527,0.524623,0.972126,10,0.410715,0.918297,1.57181,1.50626,1.6996
1,19200,9.88818,0.654765,2.1822,1.69879,2.73493,0.0427004,10.5437,0.503812,0.000409478,0.176667,2.94295,0.899311,0.32482,2.97083,0.903045,0.31945,1.10131,1.47207,3.39048,0.511742,8.64309,0.247761,0.000576134,0.177655,6,0.124024,4.74158,0,0.14498,0.1,0.421854,0.913546,1.63844,1.48983,1.50078
1,19500,9.90833,0.650846,2.17325,1.70859,2.75582,0.0471153,10.5618,0.499551,0.000238988,0.178677,2.96099,0.907682,0.326284,2.97026,0.91085,0.324649,1.06048,1.47995,3.4093,0.566414,8.70819,0.254417,-5.68066e-05,0.179181,0,0.585262,0.1,0.641613,1.01387,10,0.406025,0.887165,1.61528,1.55569,1.46515
1,19800,9.9523,0.646706,2.05005,1.69998,2.8021,0.0399423,10.6259,0.496888,7.95315e-05,0.176645,3.03417,0.91451,0.342194,3.01855,0.915887,0.346639,0.944955,1.47131,3.47575,0.702778,8.9104,0.297605,0.000300721,0.176987,0.948482,1.02621,8.5684,6,0.120409,5.07192,0.342109,0.816802,1.67161,1.76021,1.68788
1,20100,9.99558,0.643705,1.94037,1.71208,1.56341,0.0411706,10.6772,0.496559,0.00012242,0.17278,3.09186,0.957273,0.338567,3.07761,0.958754,0.340969,0.870405,1.48032,2.24506,0.759037,9.42073,0.351944,-6.32361e-06,0.174875,1.61049,1.02868,5.38645,1.60164,1.03223,5.29894,0.245071,0.776002,1.57276,0.988563,1.6518
1,20400,10.0683,0.638294,1.88834,1.70818,-0.0359472,0.046635,10.7415,0.496198,-7.25181e-05,0.168186,3.21275,0.964549,0.340747,3.19073,0.966467,0.343994,0.813228,1.51088,0.637253,0.823622,9.74564,0.379149,-0.000256533,0.170686,2.03857,1.02461,4.65593,2.01977,1.02801,4.54432,0.195489,0.745479,1.54681,-0.358589,1.45058
1,20700,10.122,0.635038,1.83327,1.7252,-0.682524,0.0416047,10.817,0.492637,0.000118653,0.167168,3.33849,0.969789,0.350339,3.30847,0.972492,0.351107,0.771157,1.53531,0.012472,0.80425,9.97461,0.381104,-5.01214e-06,0.17153,2.3517,1.02529,4.06416,2.32527,1.02908,4.00205,0.178092,0.710175,1.52036,-0.829905,1.34394
1,21000,10.1292,0.634917,1.76447,1.75544,-0.706425,0.0409914,10.8598,0.489819,-1.4177e-05,0.167345,3.39708,0.973792,0.354241,3.36398,0.976472,0.356469,0.724869,1.54052,0.0242169,0.778296,10.0657,0.378143,-0.000222768,0.173362,2.47749,1.02862,3.89653,2.4471,1.03353,3.80985,0.173896,0.665547,1.51672,-0.769921,1.40014
1,21300,10.1473,0.633283,1.72681,1.76326,-0.680351,0.0431034,10.4151,0.517245,0.00125186,0.157475,2.76333,0.977599,0.252753,0,1.78064,0.1,0.781255,1.61102,-0.412493,0.794209,10.1143,0.386307,-0.000232044,0.170091,2.51784,1.02924,3.88558,2.49443,1.03528,3.82607,0.164007,0.637079,1.50017,-0.713298,1.31157
1,21600,10.1544,0.632121,1.73827,1.7513,-0.624371,0.0404107,10.8545,0.491522,-1.77184e-05,0.164881,3.34486,0.979609,0.354414,3.32196,0.981336,0.355901,0.679656,1.49948,0.0757589,0.789862,10.1356,0.391016,-5.54173e-05,0.169943,2.52596,1.03173,3.8936,2.50831,1.03523,3.86036,0.157032,0.628333,1.47141,-0.64319,1.32809
1,21900,10.1615,0.631666,1.67735,1.72682,-0.658812,0.0426565,10.8604,0.493417,0.000745839,0.161854,3.3528,0.981467,0.358654,3.32866,0.982557,0.354911,0.645482,1.48913,0.040031,0.795374,10.134,0.390321,0.000947617,0.16702,2.52814,1.03681,3.7949,2.52009,1.03819,3.89009,0.160497,0.592371,1.44443,-0.686359,1.37732
1,22200,10.2227,0.628645,1.64912,1.75457,-0.61977,0.0418309,10.9256,0.492916,0.000774913,0.159483,3.43195,1.01929,0.353352,3.4168,1.02005,0.348082,0.610164,1.52894,0.0831547,0.793184,10.276,0.400447,0.00105728,0.164346,2.69956,1.03767,3.74637,2.69812,1.03875,3.87103,0.143458,0.565108,1.50337,-0.566464,1.25967
1,22500,10.4186,0.619627,1.59423,1.9702,-0.439903,0.0397567,11.2054,0.48172,0.000372901,0.158154,3.77469,1.07956,0.354825,3.76657,1.08,0.355079,0.565329,1.69978,0.346985,0.802577,10.8281,0.428719,0.000431557,0.162318,3.38659,1.07635,4.14467,3.38112,1.07713,4.15649,0.0807621,0.547808,1.6691,-0.0303219,1.38432
1,22800,10.4193,0.618833,1.47627,2.20501,-0.41956,0.0431252,11.2819,0.480644,0.00105031,0.155866,3.73215,1.09064,0.425799,3.71689,1.09082,0.42022,0.466771,1.70392,0.442955,0.729866,10.9152,0.436113,0.00126033,0.159757,3.38479,1.09416,3.70781,3.37709,1.09442,3.79937,0.0706341,0.459467,1.49778,0.0763264,0.955112
1,23100,10.2847,0.622438,1.46465,1.65828,-0.436651,0.0392608,11.0914,0.493337,0.000814075,0.14637,3.49198,1.03991,0.451269,3.4849,1.04224,0.441811,0.584184,1.25233,0.370013,0.692586,10.6149,0.429712,0.00121848,0.151458,2.99661,1.07538,3.32859,3.01769,1.07821,3.51781,0.0989358,0.572614,1.18932,-0.106435,0.877367
1,23400,10.253,0.622132,1.50049,1.35427,0.153423,0.0419143,10.9758,0.504897,-9.62357e-05,0.131968,3.6655,0.904463,0.3999,3.64413,0.906697,0.401674,0.720976,1.37455,0.876173,0.753828,10.092,0.378949,0.000202957,0.136418,2.59968,0.981017,3.71538,2.59193,0.984207,3.74624,0.196146,0.642698,0.986535,-0.00759942,1.09245
1,23700,10.1823,0.635344,1.56952,1.34903,0.240098,0.0464387,10.898,0.526079,0.00148468,0.116867,4.24448,0.775491,0.371908,4.24319,0.775828,0.366969,0.903547,1.28926,0.9558,0.721133,9.49026,0.297143,0.00176765,0.121086,2.16712,0.918458,4.59718,2.17819,0.920187,4.84161,0.350053,0.684431,1.13752,-0.451975,1.26276
1,24000,9.94488,0.668494,1.63896,1.30103,0.582962,0.0446074,10.5983,0.56807,0.000343899,0.100322,4.37844,0.712708,0.322578,4.3666,0.712851,0.322908,1.1464,1.33876,1.23635,0.641382,8.9634,0.2,0.000786689,0.109448,1.72244,0.844325,6.53314,1.71623,0.84521,6.58277,0.520955,0.778458,1.1489,-0.398512,1.68994
1,24300,9.7908,0.691749,1.71659,1.2734,0.436674,0.0439962,10.3951,0.603887,0.000875323,0.0869435,4.55229,0.690778,0.294473,4.54246,0.691142,0.293076,1.27218,1.1361,1.04095,0.632553,8.77867,0.2,-0.000356885,0.09913,1.75987,0.772517,7.16089,1.73756,0.774792,7.11845,0.558308,0.859124,1.04366,-0.575447,1.82359
1,24600,9.6831,0.705616,1.91418,1.37905,0.877002,0.0467875,10.2488,0.621022,0.00142655,0.0877655,4.68851,0.636374,0.291955,4.63998,0.634351,0.29167,1.41966,1.22038,1.44266,0.621185,8.61509,0.2,0.000689121,0.0964077,1.85719,0.703442,7.30007,1.80955,0.706754,7.32334,0.583399,0.941438,1.21559,-0.191007,1.86176
1,24900,9.59046,0.719858,2.00159,1.3244,0.967206,0.0459589,10.1699,0.629026,0.000831828,0.097408,4.86561,0.621135,0.287488,4.84604,0.622141,0.287074,1.43659,1.19326,1.54662,0.557585,8.55083,0.2,0.000265676,0.107164,2.03177,0.645179,6.52331,1.98125,0.684057,7.05667,0.589239,0.934493,1.31553,-0.0724186,1.91147
1,25200,9.60335,0.722888,2.17999,1.09997,0.986526,0.044095,10.1936,0.62844,0.00116372,0.103293,5.1856,0.623108,0.282621,5.16094,0.622627,0.282172,1.52302,1.13018,1.57673,0.591455,8.53842,0.2,0.000423027,0.110244,2.38981,0.645898,6.80126,2.34417,0.64419,6.73167,0.593575,0.966557,1.32313,-0.0784022,1.89658
1,25500,9.5586,0.733939,2.02294,0.987563,0.942805,0.0459349,10.1369,0.643922,-0.000961986,0.0946186,5.274,0.625194,0.271339,5.18208,0.624552,0.276226,1.45376,1.08781,1.52115,0.498672,8.49759,0.200612,-0.000241563,0.1031,2.56461,0.65115,7.34106,2.45162,0.650832,7.19537,0.607385,0.883155,1.40429,-0.118205,1.18311
1,25800,9.59376,0.735218,2.27928,0.79255,0.979338,0.0456809,10.1835,0.645144,-0.0011639,0.0946143,5.51523,0.618365,0.275707,5.45673,0.6196,0.27894,1.65429,0.985027,1.56909,0.509523,8.49755,0.2,-0.000796941,0.100351,2.87197,0.641639,7.3407,2.82311,0.644078,7.32199,0.614596,1.04137,1.45139,-0.116873,1.69072
1,26100,9.61081,0.735436,2.54939,0.682564,0.999127,0.0516574,10.1978,0.647456,-0.000183948,0.0930714,5.29072,0.569342,0.296311,5.24831,0.569284,0.299059,1.87972,0.913789,1.58612,0.514045,8.48114,0.208027,2.71579e-05,0.09738,2.75255,0.629219,7.00445,2.71823,0.63054,6.99616,0.612123,1.2604,1.44706,-0.130536,1.05379
1,26400,9.58176,0.739517,2.72601,0.64083,0.998935,0.051752,10.1919,0.646635,0.000332422,0.0978132,5.39376,0.567601,0.293374,5.347,0.56648,0.294416,2.00064,0.88398,1.60904,0.536959,8.46144,0.220779,0.00121057,0.104474,2.79732,0.62304,6.91345,2.74717,0.623922,6.95063,0.597525,1.40492,1.42569,-0.121377,1.1323
1,26700,9.60517,0.740395,2.82449,0.572994,1.07498,0.0468395,10.261,0.639644,0.00080056,0.105304,5.5727,0.563643,0.301193,5.52873,0.56281,0.302027,2.02546,0.837061,1.73084,0.503566,8.50326,0.214871,0.000972227,0.113682,2.84361,0.615012,6.49397,2.83875,0.617884,6.56168,0.596225,1.41433,1.37743,-0.0269284,1.09427
1,27000,9.54972,0.749399,2.36911,0.564195,1.09212,0.0502209,10.1808,0.656757,0.000807263,0.091759,5.48923,0.560442,0.293959,5.44024,0.559268,0.295778,1.74044,0.828144,1.72316,0.524626,8.43304,0.252866,2.63033e-05,0.102553,2.74816,0.613436,6.73077,2.72592,0.61533,6.72017,0.573,1.17246,1.35895,-0.0245641,1.05609
1,27300,9.4972,0.753782,2.18656,0.569597,1.08931,0.046177,10.1066,0.663797,0.000512611,0.0891314,5.38918,0.559741,0.287169,5.39068,0.560527,0.288255,1.59762,0.822989,1.69873,0.516897,8.40704,0.317293,-4.62563e-05,0.100972,2.78958,0.616314,6.89803,2.78625,0.616915,6.87513,0.507355,1.12218,1.34683,-0.000849193,1.11906
1,27600,9.53246,0.747938,2.00916,0.564992,1.0986,0.0443369,10.1169,0.657951,0.000486895,0.0940838,5.37288,0.560835,0.290848,5.39251,0.562061,0.291093,1.33556,0.835758,1.68306,0.580924,8.38947,0.301308,0.000355122,0.101369,2.75757,0.618883,7.00886,2.82705,0.621771,7.07237,0.524416,0.831914,1.38462,-0.0443884,0.986386
1,27900,9.58386,0.740246,2.07201,0.557133,1.11655,0.0469752,10.1466,0.652923,0.000585413,0.0956844,5.33889,0.561344,0.296442,5.40725,0.563544,0.294628,1.31675,0.843984,1.67932,0.565467,8.42713,0.335318,0.000857117,0.09969,2.81591,0.622605,6.94565,2.86776,0.622819,6.94643,0.48361,0.853622,1.40963,-0.0401759,1.0557
1,28200,9.58554,0.735823,2.10195,0.573849,1.10522,0.0472828,10.1189,0.651408,-5.30778e-05,0.0965024,5.31515,0.56342,0.290539,5.33906,0.56377,0.291136,1.3007,0.864485,1.63863,0.521782,8.4234,0.349072,-3.71595e-06,0.0993169,2.8186,0.622898,7.05531,2.82737,0.622684,6.99036,0.466431,0.850817,1.43399,-0.0569197,1.02122
1,28500,9.57893,0.736114,1.98325,0.587125,1.10032,0.0469411,10.0869,0.65483,-0.000422848,0.0935513,5.2214,0.562045,0.288168,5.28264,0.56384,0.2879,1.26237,0.884609,1.60828,0.559873,8.45066,0.363097,-0.00101958,0.0939961,2.83526,0.623185,6.97559,2.82584,0.619172,6.81843,0.450921,0.846274,1.45118,-0.0279431,1.0584
1,28800,9.57063,0.734468,1.85593,0.600506,1.09177,0.0448908,10.1059,0.650393,0.00120254,0.0927732,5.21786,0.560605,0.289286,5.28539,0.561547,0.286804,1.20494,0.883697,1.627,0.530877,8.506,0.3616,-0.000620242,0.0951721,2.86912,0.620812,6.73924,2.84705,0.615744,6.56148,0.442837,0.812929,1.45148,0.0271321,1.1107
2,18000,9.77649,0.681288,2.21678,1.6094,2.61672,0.0426873,10.5229,0.521563,-8.48451e-05,0.178429,5.73395,0.303951,0.483234,5.85206,0.31432,0.476392,1.12519,1.65446,3.36317,0.474013,8.65655,0.268282,-2.36709e-05,0.182655,3.64299,0.136156,2.23609,3.12531,0.211812,2.68358,0.413585,0.926704,1.6165,1.49678,1.52747
2,18300,9.81047,0.670737,2.4667,1.6704,2.65556,0.0417831,10.5107,0.509276,0.000142823,0.187019,5.8102,0.304856,0.468241,5.7745,0.304091,0.471439,1.23163,1.71612,3.35577,0.433294,8.67803,0.268422,0.000170962,0.190255,3.4789,0.214401,3.04433,3.93334,0.137286,2.35132,0.397943,1.04778,1.62562,1.52312,1.6033
2,18600,9.82031,0.665408,2.48649,1.70923,2.6667,0.0440584,10.5043,0.502712,0.000390002,0.190608,5.68814,0.279856,0.481517,5.47872,0.231341,0.515785,1.22671,1.74984,3.35068,0.478549,8.67461,0.263021,0.00046151,0.19319,3.8164,0.220654,3.59899,4.1123,0.131756,2.70072,0.39677,1.04718,1.63238,1.52099,1.55892
2,18900,9.86057,0.661491,2.18737,1.69341,2.70726,0.0484841,10.5216,0.506904,0.000254193,0.180994,5.32252,0.231302,0.529647,5.4411,0.239705,0.521358,1.10137,1.75681,3.36834,0.450806,8.65247,0.257582,0.000357566,0.182189,5.30376,0.223386,5.9934,4.88673,0.22413,5.40493,0.4112,0.916109,1.63326,1.49916,1.48085
2,19200,9.88816,0.654766,2.1822,1.6988,2.73491,0.0426547,10.5437,0.503812,0.000409796,0.176666,2.94286,0.899315,0.324837,2.971,0.903048,0.319406,1.10131,1.47208,3.39047,0.492867,8.69892,0.254175,0.000424815,0.178605,0.574824,0.987924,10,6,0.12382,4.59587,0.409749,0.912102,1.59859,1.54567,1.55725
2,19500,9.90831,0.650848,2.17325,1.70861,2.7558,0.0481422,10.5618,0.499552,0.000238864,0.178675,2.96126,0.907688,0.326223,2.97024,0.910867,0.324652,1.06048,1.47996,3.4093,0.571622,8.70255,0.253189,-5.96637e-05,0.179073,0,0.61586,0.128138,0.630351,1.0135,10,0.407938,0.887218,1.6135,1.55004,1.56487
2,19800,9.9523,0.646706,2.05005,1.69998,2.8021,0.0445211,10.6259,0.496891,7.95107e-05,0.176644,3.03413,0.91451,0.34218,3.01857,0.915888,0.346622,0.944955,1.47132,3.47571,0.729979,8.92508,0.299847,-0.000153063,0.177203,6,0.120486,5.02603,0.973245,1.02973,8.23859,0.338274,0.816552,1.67366,1.77489,1.49087
2,20100,9.99557,0.643706,1.94037,1.71208,1.5634,0.042401,10.6772,0.496558,0.000122537,0.172781,3.09175,0.957267,0.338599,3.07764,0.958755,0.340975,0.870405,1.4803,2.24508,0.730722,9.42071,0.351941,-6.54898e-06,0.174875,1.61057,1.02867,5.38718,1.60158,1.03223,5.29872,0.245076,0.776002,1.57276,0.988546,1.56893
2,20400,10.0683,0.638294,1.88834,1.70818,-0.0359472,0.0508981,10.7428,0.496116,-7.58534e-05,0.16821,3.17493,0.929038,0.359413,3.1924,0.966463,0.344387,0.813725,1.50836,0.638621,0.76409,9.74546,0.379159,-0.000257008,0.170682,2.03918,1.02461,4.66094,2.02014,1.02801,4.54809,0.195489,0.745479,1.54696,-0.358768,1.51119
2,20700,10.122,0.635039,1.83327,1.7252,-0.682526,0.0383068,10.817,0.492637,0.0001186,0.167168,3.33857,0.969789,0.350316,3.30851,0.972492,0.351092,0.771157,1.53532,0.0124618,0.818777,9.97458,0.381111,-5.18307e-06,0.171528,2.35183,1.02529,4.06495,2.32533,1.02908,4.00261,0.178086,0.710175,1.52038,-0.829928,1.36323
2,21000,10.1292,0.634917,1.76447,1.75544,-0.706422,0.049052,10.8599,0.489818,-1.44146e-05,0.167345,3.39681,0.973797,0.354337,3.36357,0.976476,0.356598,0.724869,1.54044,0.0242666,0.750414,10.0654,0.378116,-0.000222609,0.173361,2.47738,1.02865,3.89706,2.44702,1.03356,3.81047,0.173941,0.665547,1.51675,-0.77014,1.37955
2,21300,10.1473,0.633283,1.72681,1.76325,-0.680341,0.0401789,10.8665,0.491441,-4.40144e-05,0.164499,3.38599,0.976968,0.354331,3.35223,0.980137,0.356388,0.691914,1.52305,0.0389127,0.814916,10.1143,0.386323,-0.00023191,0.170088,2.51797,1.02924,3.88646,2.49457,1.03527,3.82702,0.163989,0.637079,1.50022,-0.713308,1.40479
2,21600,10.1544,0.63212,1.73827,1.7513,-0.624362,0.040771,10.8546,0.49152,-1.72463e-05,0.164879,3.3446,0.979613,0.354517,3.32199,0.981338,0.355937,0.679656,1.49943,0.0758337,0.810677,10.1356,0.391003,-5.41582e-05,0.169945,2.52564,1.03174,3.89224,2.50836,1.03524,3.86022,0.157047,0.628333,1.47136,-0.643188,1.50193
2,21900,10.1615,0.631665,1.67735,1.72683,-0.658802,0.0401551,10.8605,0.493414,0.000745703,0.161855,3.35238,0.981475,0.358811,3.32816,0.982564,0.355088,0.645482,1.489,0.0401286,0.78708,10.134,0.390328,0.000947624,0.167019,2.52823,1.03681,3.79524,2.52019,1.03818,3.89045,0.160487,0.592374,1.44447,-0.686337,1.40158
2,22200,10.2543,0.626981,1.64368,1.76654,-0.591755,0.0415928,10.9778,0.490184,0.000797375,0.159947,3.49246,1.02121,0.360104,3.48313,1.02219,0.354152,0.596842,1.55681,0.131768,0.770405,10.3766,0.405376,0.00107194,0.164741,2.81698,1.03599,3.72152,2.81852,1.03739,3.84989,0.13145,0.558792,1.52772,-0.469485,1.3729
2,22500,10.526,0.614139,1.50117,2.10958,-0.332165,0.0377775,11.4109,0.473231,0.000377994,0.15808,3.96754,1.09684,0.396692,3.9514,1.09889,0.39422,0.469565,1.81398,0.552667,0.742329,11.0553,0.427974,0.000465428,0.162031,3.64892,1.09845,3.9732,3.64207,1.10084,4.02708,0.0704995,0.456571,1.68062,0.197138,1.19101
2,22800,10.4663,0.616654,1.37544,1.74834,-0.36057,0.0432981,11.5436,0.476563,0.00085213,0.149743,3.84816,1.12808,0.626822,3.83308,1.1306,0.616392,0.47167,1.86551,0.716724,0.658311,10.9936,0.379856,0.00143937,0.162843,3.53871,1.22048,2.21212,3.5391,1.21789,2.32858,0.140969,0.447155,1.45316,0.166691,0.717766
2,23100,10.2674,0.620456,1.16078,1.35914,0.168738,0.0389641,11.2732,0.504002,0.000455352,0.119495,3.45095,1.01043,0.786911,3.45447,1.00979,0.774626,0.565845,1.20609,1.17453,0.566497,10.402,0.27594,0.00123357,0.161238,3.86151,2,1.1502,3.78001,2,1.14436,0.316391,0.4718,1.13215,0.303415,1.82456
2,23400,10.1467,0.629552,1.2368,1.32566,0.783237,0.0456855,10.8898,0.549432,0.00129576,0.0699635,3.98229,0.75216,0.451566,3.98449,0.753715,0.444101,0.890369,1.20166,1.52636,0.555766,9.47779,0.261488,0.00259387,0.0749082,1.62136,0.928517,1.82044,1.71524,0.914511,2.2434,0.422755,0.605233,0.917765,0.114305,1.71764
2,23700,9.73922,0.680988,1.35946,1.17295,1.10862,0.0461621,10.2155,0.647585,0.00148689,0.0123116,3.89725,0.632956,0.309782,3.93161,0.634659,0.304382,1.19018,1.1328,1.58489,0.537847,8.69477,0.266196,0.00116432,0.0303117,1.39131,0.76315,7.6212,1.37013,0.76142,7.60942,0.525864,0.796835,1.11696,0.0641698,1.37991
2,24000,9.59377,0.702007,1.80254,0.633666,0.980795,0.0454262,10.1708,0.628427,0.000288183,0.0708036,4.67051,0.554947,0.305876,4.68567,0.556018,0.304326,1.42894,0.896851,1.55778,0.560487,8.56504,0.200707,-0.000205666,0.0828281,1.91545,0.612633,6.07797,1.94477,0.61322,6.08922,0.587315,0.954825,1.55153,-0.0479442,1.09996
2,24300,9.63166,0.710146,1.88431,0.372221,1.58658,0.0419245,10.2885,0.60796,-0.000501637,0.115767,5.08753,0.485772,0.351808,5.0736,0.486113,0.352844,1.19549,0.759565,2.24339,0.471222,8.58816,0.214051,-2.67438e-05,0.120908,2.23342,0.55114,5.02107,2.22287,0.551812,5.00715,0.558924,0.735858,1.51001,0.543079,1.37961
2,24600,9.67784,0.709877,2.38094,0.324264,1.79532,0.0436654,10.3476,0.588561,0.000110982,0.152579,5.32771,0.474514,0.36332,5.30007,0.473182,0.364213,1.26791,0.852485,2.46505,0.450807,8.59569,0.20972,0.000438554,0.151072,2.51255,0.550187,4.92683,2.45238,0.547286,4.86587,0.548434,0.826019,1.7868,0.713156,1.24919
2,24900,9.67852,0.712861,2.43034,0.310306,1.79693,0.0460729,10.3667,0.591669,-0.000812613,0.152774,5.79496,0.484105,0.342214,5.78018,0.484438,0.344886,1.20614,0.810468,2.48507,0.473918,8.56648,0.215245,-0.000749722,0.152638,2.88931,0.535218,5.06487,2.86971,0.535191,5.01884,0.548459,0.768815,1.71293,0.684902,1.32752
2,25200,9.71269,0.715449,2.30578,0.291297,1.83206,0.0448816,10.386,0.602243,-0.000370641,0.140185,6,0.485591,0.332995,6,0.485373,0.334626,1.09938,0.758203,2.50537,0.597872,8.5791,0.258736,6.60805e-06,0.140316,3.18078,0.489668,4.69261,3.1404,0.488786,4.64432,0.513598,0.700705,1.5364,0.698467,1.12355
2,25500,9.81986,0.708754,2.81524,0.292879,1.94045,0.0480694,10.4988,0.58955,0.0011679,0.154004,6,0.474309,0.355171,6,0.473248,0.354762,1.24465,0.728737,2.61934,0.747921,8.63192,0.21586,3.93444e-05,0.151866,3.57384,0.480002,4.55997,3.51609,0.47828,4.50384,0.551503,0.789389,1.35661,0.752513,1.24486
2,25800,9.77482,0.71907,2.37378,0.302961,1.8965,0.0469715,10.4914,0.599254,0.000473905,0.145437,6,0.465686,0.350871,6,0.467117,0.35008,1.04904,0.692926,2.61306,0.712878,8.62706,0.236781,-0.000288728,0.145745,3.53582,0.473205,4.60079,3.51029,0.473006,4.56251,0.537801,0.61464,1.27094,0.748744,1.01988
2,26100,9.76713,0.723301,2.41547,0.305061,1.89029,0.0481904,10.509,0.600865,4.83899e-05,0.142926,6,0.458822,0.348167,6,0.403767,0.364048,1.09946,0.680789,2.63221,0.724184,8.63745,0.246777,-0.000229124,0.146938,3.16679,0.398761,3.7558,3.14327,0.397437,3.73188,0.527177,0.673806,1.26148,0.760608,1.21381
2,26400,9.77627,0.725903,2.46314,0.303988,1.90198,0.0452201,10.5065,0.606817,-0.000634548,0.137102,6,0.40006,0.359104,6,0.399597,0.360913,1.17094,0.680882,2.63221,0.554906,8.63892,0.280593,-0.000782889,0.141393,3.15506,0.393902,3.79705,3.13478,0.392935,3.76267,0.496425,0.783703,1.16081,0.764632,1.13836
2,26700,9.8235,0.723178,2.62083,0.317687,1.96912,0.0418114,10.5382,0.606793,-0.000398531,0.136456,6,0.398405,0.361681,6,0.397423,0.364553,1.2357,0.665141,2.68386,0.524782,8.65751,0.299208,-0.000390073,0.140521,3.2063,0.392658,3.80112,3.15419,0.389974,3.74901,0.477241,0.858162,1.0883,0.80312,1.3
2,27000,9.79965,0.725506,2.47414,0.34026,2.05039,0.0412969,10.4701,0.617052,0.000363091,0.128448,6,0.393406,0.350358,6,0.393065,0.350325,1.1479,0.669997,2.72083,0.543259,8.63653,0.337207,1.6846e-05,0.132418,2.98852,0.305226,3.1544,3.11001,0.387055,3.8207,0.444457,0.806589,1.09947,0.88727,1.36995
2,27300,9.83019,0.723884,2.3499,0.33845,2.24911,0.0430263,10.4765,0.616428,0.000731079,0.126491,6,0.370694,0.353302,6,0.370832,0.352793,1.13521,0.657537,2.89541,0.633477,8.65887,0.326288,0.000455585,0.1288,3.13399,0.229599,2.63217,3.23323,0.305667,3.18251,0.455976,0.776048,1.06253,1.07779,1.42702
2,27600,9.86882,0.722036,2.28514,0.345825,2.33608,0.0506086,10.4839,0.613525,0.0015217,0.130898,6,0.354679,0.357051,6,0.351748,0.35428,1.05322,0.673823,2.95111,0.77325,8.72984,0.331169,0.00109744,0.132214,3.64758,0.315596,3.20633,3.73002,0.317024,3.26127,0.442342,0.713633,1.02158,1.1971,1.33121
2,27900,9.91233,0.717711,2.12389,0.346539,2.39295,0.0436901,10.5454,0.611524,0.00227011,0.121198,6,0.347577,0.360047,6,0.347068,0.356379,1.07691,0.680407,3.02598,0.813757,8.77489,0.3106,0.0013554,0.123093,3.81376,0.31743,3.23721,3.8416,0.318097,3.26369,0.46351,0.709689,0.993715,1.25551,1.30917
2,28200,9.93269,0.717405,2.00173,0.350481,2.42068,0.0452191,10.5824,0.602916,0.000399639,0.128459,6,0.343498,0.361565,6,0.344273,0.362498,1.01903,0.687731,3.07036,0.753178,8.83559,0.294005,0.000923024,0.127628,3.83912,0.313486,3.129,3.89436,0.315357,3.15391,0.471219,0.659623,0.958842,1.32358,1.38063
2,28500,9.90669,0.716677,1.91629,0.373144,2.40787,0.0458117,10.5657,0.603806,-2.57935e-05,0.126691,6,0.34241,0.355331,6,0.341724,0.357662,1.04686,0.707249,3.06683,0.874474,8.86077,0.305206,0.000447123,0.128681,3.909,0.314735,3.15176,3.50049,0.222474,2.4462,0.4553,0.726387,0.96877,1.36195,1.43185
2,28800,9.94106,0.713692,1.88419,0.353222,2.6896,0.0488876,10.6136,0.592894,0.00174509,0.139678,6,0.32954,0.374592,6,0.331684,0.371771,1.0281,0.668499,3.36215,0.76234,8.88108,0.276254,0.0024681,0.138981,3.55758,0.211063,2.25814,3.88172,0.141079,1.96815,0.479526,0.69873,0.846556,1.62962,1.3262
3,18000,9.7765,0.681287,2.21678,1.60939,2.61673,0.0493241,10.5229,0.521564,-8.46413e-05,0.17843,5.73391,0.303939,0.483267,5.85206,0.314322,0.476383,1.12519,1.65445,3.36316,0.44003,8.65527,0.267625,-6.27862e-05,0.182707,3.60691,0.137171,2.23757,3.55659,0.138521,2.16719,0.414428,0.926702,1.61997,1.49549,1.5497
3,18300,9.81047,0.670737,2.4667,1.6704,2.65556,0.0441171,10.5107,0.509275,0.000143321,0.187019,5.80986,0.304836,0.468297,5.77481,0.304106,0.471402,1.23163,1.71612,3.35578,0.472972,8.67815,0.26848,0.000171184,0.190253,3.47911,0.214413,3.04419,3.93443,0.137296,2.35196,0.397869,1.04778,1.62567,1.52323,1.51626
3,18600,9.82033,0.665407,2.48649,1.70922,2.66671,0.0425319,10.5043,0.502709,0.000389588,0.190609,5.68823,0.27986,0.481524,5.47833,0.231313,0.515873,1.22671,1.74983,3.35073,0.498611,8.66605,0.261877,0.00049533,0.193131,3.79512,0.21988,3.62671,3.78639,0.212309,4.36277,0.398726,1.04767,1.62782,1.51244,1.55097
3,18900,9.86059,0.66149,2.18737,1.6934,2.70728,0.045407,10.5217,0.506902,0.00025466,0.180995,5.32217,0.231281,0.529711,5.4414,0.239722,0.521323,1.10137,1.75681,3.36836,0.428922,8.65802,0.257826,0.000401222,0.182169,0.454106,0.977501,10,5.02561,0.224215,5.38966,0.410603,0.918417,1.5786,1.50471,1.4861
3,19200,9.88817,0.654765,2.1822,1.6988,2.73492,0.0493801,10.5437,0.503812,0.000409729,0.176666,2.94289,0.899311,0.324834,2.971,0.903048,0.31941,1.10131,1.47208,3.39048,0.479937,8.66016,0.246696,0.000350679,0.178522,0,0.70622,8.07305,6,0.123778,4.73729,0.421126,0.913444,1.64866,1.50691,1.54228
3,19500,9.90831,0.650848,2.17325,1.70861,2.7558,0.0414415,10.5618,0.499551,0.000238473,0.178675,2.96077,0.907683,0.326252,2.97015,0.91087,0.32469,1.06048,1.47994,3.40933,0.53381,8.7126,0.25413,-4.1908e-06,0.179439,0,0.721132,0.892681,0.652953,1.01444,10,0.405823,0.887112,1.6167,1.56009,1.48917
3,19800,9.9523,0.646705,2.05005,1.69998,2.8021,0.0428793,10.626,0.496884,7.95158e-05,0.176647,3.03428,0.914512,0.342199,3.01827,0.915886,0.346668,0.944955,1.47131,3.47581,0.658714,8.92526,0.299596,-0.00015802,0.177303,6,0.119622,4.99515,0.959585,1.02946,8.12077,0.33847,0.816551,1.67341,1.77506,1.56696
3,20100,9.99558,0.643705,1.94037,1.71207,1.56341,0.0392569,10.677,0.49657,0.000125817,0.172778,3.09047,0.957266,0.338692,3.07907,0.958743,0.340496,0.870405,1.48045,2.24485,0.708156,9.42069,0.351943,-6.67396e-06,0.174873,1.61055,1.02868,5.3873,1.60145,1.03223,5.29803,0.245075,0.776002,1.57276,0.988521,1.70553
3,20400,10.0683,0.638295,1.88834,1.70818,-0.035955,0.0453662,10.7414,0.496202,-7.24383e-05,0.168184,3.2126,0.964551,0.340766,3.19062,0.966469,0.344003,0.813228,1.51086,0.637217,0.748017,9.74545,0.379159,-0.000257023,0.170682,2.0392,1.02461,4.66106,2.02015,1.02801,4.54818,0.195488,0.745479,1.54696,-0.358772,1.49103
3,20700,10.122,0.635039,1.83327,1.7252,-0.682528,0.0433772,10.817,0.492637,0.00011905,0.167169,3.33862,0.969786,0.350289,3.30884,0.972488,0.351,0.771157,1.53538,0.0124493,0.839623,9.97462,0.381094,-5.02153e-06,0.171532,2.35158,1.02529,4.06342,2.32516,1.02908,4.00133,0.178103,0.710175,1.52033,-0.829895,1.30358
3,21000,10.1292,0.634916,1.76447,1.75544,-0.706416,0.0401032,10.8599,0.489817,-1.47588e-05,0.167345,3.39676,0.973797,0.354364,3.36332,0.976478,0.356672,0.724869,1.5404,0.0242977,0.770854,10.0656,0.378127,-0.000221427,0.173364,2.47716,1.02864,3.89538,2.44716,1.03354,3.81001,0.173917,0.665547,1.5167,-0.769964,1.23826
3,21300,10.1473,0.633283,1.72681,1.76325,-0.680342,0.0441463,10.4034,0.51821,0.00167708,0.156742,2.74322,0.977685,0.250622,0,1.97033,0.1,0.781671,1.61923,-0.424235,0.7853,10.1144,0.386353,-0.000230304,0.170084,2.51794,1.02921,3.88614,2.49498,1.03525,3.82821,0.163949,0.637079,1.50024,-0.713184,1.16929
3,21600,10.1544,0.632121,1.73827,1.7513,-0.624371,0.0416579,10.8544,0.491534,-1.73378e-05,0.164871,3.34436,0.979611,0.354424,3.32171,0.981337,0.355853,0.679656,1.49948,0.0756482,0.78279,10.1355,0.391014,-5.43125e-05,0.169942,2.52582,1.03173,3.89332,2.50848,1.03523,3.86113,0.157037,0.628333,1.47143,-0.643227,1.36539
3,21900,10.1615,0.631664,1.67735,1.72682,-0.658804,0.0404201,10.8605,0.493413,0.000745716,0.161855,3.35238,0.981477,0.35882,3.32816,0.982567,0.355096,0.645482,1.48899,0.0401335,0.782415,10.134,0.390319,0.000947576,0.167021,2.52822,1.03681,3.79483,2.52016,1.03819,3.88997,0.160495,0.592378,1.44445,-0.686322,1.39081
3,22200,10.3002,0.624575,1.6468,1.76457,-0.550234,0.0435131,11.033,0.487383,0.000771833,0.160126,3.58885,1.03032,0.350405,3.57791,1.02907,0.348731,0.592187,1.59749,0.182494,0.805698,10.51,0.413626,0.000993066,0.164651,3.00449,1.04095,3.90122,3.00168,1.03905,3.96486,0.113788,0.560532,1.5613,-0.340476,1.31504
3,22500,10.5977,0.611153,1.45627,2.1389,-0.251432,0.0404624,11.5765,0.469271,0.000459345,0.155929,4.09121,1.13459,0.456824,4.06944,1.1357,0.455209,0.449001,2.0959,0.727381,0.754385,11.1281,0.406825,0.000587043,0.161738,3.7821,1.14961,3.52245,3.77166,1.15081,3.56572,0.0950822,0.432394,1.89334,0.278974,0.9196
3,22800,10.3941,0.620367,1.3679,1.21756,0.284874,0.0375572,11.524,0.488618,0.000707998,0.138841,3.51723,1.131,0.946298,3.51048,1.13125,0.929498,0.640404,1.49346,1.41478,0.540544,10.6287,0.228045,0.00196722,0.185787,5.05066,2,1.53512,4.88793,2,1.51147,0.356339,0.545827,1.15249,0.519487,2.00559
3,23100,10.2899,0.622012,1.79095,1.33063,0.923757,0.0404976,10.9484,0.544291,-0.000126556,0.0752905,3.05753,0.571596,0.6012,3.07945,0.604693,0.5824,1.46815,1.09895,1.58225,0.541089,9.77984,0.260908,0.00112391,0.09981,2.02433,2,0.83053,1.85998,2,0.719599,0.403675,1.2314,0.906416,0.413687,1.81366
3,23400,10.7327,0.623026,5.69003,0.215705,2.10689,0.0434143,11.4982,0.550585,-2.98223e-05,0.0535006,6,0.464228,0.293097,6,0.464798,0.292055,5.20344,0.570238,2.87232,0.848353,9.87493,0.2,0.000547699,0.0662858,3.41031,0.544601,4.9033,3.46338,0.472607,4.29608,0.4926,4.44332,1.0216,1.24909,1.81031
3,23700,10.5405,0.657349,7.17962,0.17453,2.64832,0.0460771,11.4365,0.544047,0.000829161,0.116731,6,0.474044,0.318319,6,0.467856,0.316733,6.16945,0.476688,3.54426,0.927783,9.73711,0.2,0.000201155,0.132739,4.50882,0.486317,4.31497,4.51447,0.536339,4.88288,0.488577,5.38967,0.549369,1.84491,1.84892
3,24000,10.8097,0.652395,8.45364,0.157617,2.92858,0.0595615,11.6546,0.49326,-0.00554563,0.215957,6,0.411805,0.364529,6,0.412192,0.364727,6.36564,0.445979,3.77353,0.909068,9.88784,0.2,-0.0053143,0.216075,6,0.462909,4.03126,6,0.462803,4.01615,0.442256,5.74776,0.473449,2.00676,1.76644
3,24300,11.0722,0.642042,10.1068,0.155866,3.19487,0.0456869,11.9099,0.45489,-0.00879724,0.264228,6,0.309879,0.410893,6,0.350589,0.402129,7.14509,0.408162,4.0326,0.850642,10.0357,0.2,-0.00686437,0.257496,6,0.370227,3.21955,6,0.37372,3.1992,0.40926,6.52127,0.415861,2.15835,1.79534
3,24600,11.1868,0.636298,10.2786,0.186069,3.56223,0.0464834,11.881,0.461426,-0.00202184,0.26152,6,0.362595,0.388882,6,0.327734,0.403409,7.04382,0.348398,4.25644,0.898071,10.028,0.2,-0.00254225,0.257799,4.37128,0.757454,8.16976,6,0.273377,2.601,0.41308,6.47278,0.431378,2.40343,1.79806
3,24900,11.4349,0.626501,11.0424,0.185561,4.28581,0.0472862,12.1052,0.452527,-0.00445412,0.266597,6,0.400933,0.389611,6,0.384219,0.40706,7.52171,0.259473,4.95611,0.837507,10.2154,0.2,-0.00481423,0.264371,4.76868,0.704218,7.14196,4.7805,0.704235,7.02836,0.401009,6.96215,0.378415,3.0663,1.73364
3,25200,11.7933,0.613458,11.9849,0.226701,4.64982,0.0434353,12.6281,0.421316,-0.00139832,0.284558,6,0.701611,0.277333,6,0.765086,0.24731,7.83325,0.376317,5.48458,0.852422,10.5847,0.2,-0.00141358,0.280322,5.10799,0.762563,7.35936,5.09951,0.763246,7.33921,0.371391,7.42913,0.513331,3.44113,1.82153
3,25500,11.7961,0.621525,12.1926,0.242178,4.64314,0.0451559,12.6423,0.429644,-0.00049529,0.278189,6,0.70352,0.268039,6,0.72241,0.259605,8.0878,0.397135,5.48938,0.881915,10.5476,0.2,-0.000785065,0.273525,5.00067,0.76361,7.76566,5.4218,0.639882,5.74254,0.38482,7.68324,0.539216,3.39469,1.83617
3,25800,11.7982,0.626477,12.9791,0.229148,4.64593,0.0503391,12.6737,0.421648,-0.000258639,0.294893,6,0.7059,0.261528,6,0.712385,0.257573,8.5086,0.371173,5.5214,0.856082,10.6056,0.2,-0.000611255,0.288798,5.18777,0.703709,6.80817,5.18689,0.704452,6.82017,0.374874,8.10595,0.511738,3.45333,1.78487
3,26100,11.7858,0.630074,13.0563,0.220912,4.6343,0.0407342,12.5764,0.445244,-0.000266936,0.264235,6,0.757257,0.224725,6,0.756998,0.224998,8.72903,0.352843,5.42498,0.855208,10.6128,0.2,0.000229737,0.266468,5.12321,0.701536,6.81521,5.13113,0.70171,6.82314,0.389997,8.31562,0.486791,3.4614,1.81273
3,26400,11.7349,0.634742,13.6282,0.225914,4.58173,0.0421452,12.673,0.450181,-0.000332244,0.249965,6,0.692306,0.256736,6,0.68496,0.263033,9.20211,0.336186,5.51988,0.819232,10.5297,0.2,-0.000116067,0.251063,5.00883,0.69805,6.93747,5.11745,0.642185,6.04667,0.40855,8.73656,0.495813,3.37653,1.7636
3,26700,11.74,0.63585,14.1414,0.211022,4.58865,0.0443194,12.744,0.440867,-0.00030451,0.259414,6,0.684051,0.265053,6,0.708235,0.253691,9.72509,0.309913,5.59269,0.848773,10.6108,0.2,-0.000360606,0.25952,5.16278,0.696824,6.84457,5.19737,0.645495,6.02117,0.397033,9.22997,0.457169,3.4595,1.78406
3,27000,11.7227,0.640753,14.0655,0.208434,4.57165,0.0423724,12.818,0.433584,0.00026949,0.262901,6,0.701858,0.254206,6,0.690278,0.266993,9.76552,0.299287,5.66696,0.855446,10.6537,0.2,0.000254196,0.262053,5.23286,0.695573,6.78908,5.22902,0.694982,6.73802,0.391941,9.24335,0.461261,3.50267,1.75302
3,27300,11.7824,0.639987,13.7742,0.204142,4.63146,0.0441361,12.9167,0.422203,-0.00075031,0.269513,6,0.709622,0.258057,6,0.749968,0.249166,9.83715,0.298069,5.76573,0.83201,10.7723,0.2,-0.000942187,0.26361,5.44262,0.695663,6.69241,5.41121,0.696273,6.54136,0.38065,9.23949,0.457941,3.62138,1.80084
3,27600,11.7403,0.649932,13.649,0.213511,4.58936,0.0435679,12.9986,0.403725,-0.000845483,0.28814,6,0.691084,0.270287,6,0.688375,0.274039,10.0778,0.286144,5.84771,0.811486,10.9527,0.2,-0.000931336,0.278287,5.69974,0.645245,5.81573,5.79224,0.638397,5.69585,0.355864,9.4825,0.445291,3.80183,1.77836
3,27900,11.696,0.661834,13.5144,0.213205,4.54542,0.0461767,13.1264,0.381155,-0.00172354,0.303898,6,0.708814,0.265082,6,0.71034,0.266091,10.3414,0.280481,5.97575,0.805709,11.1644,0.2,-0.00178564,0.287607,6,0.647013,5.68853,6,0.696723,6.32385,0.330272,9.6833,0.430858,4.0138,1.82829
3,28200,11.83,0.654677,13.7178,0.201069,4.67961,0.0462181,13.3326,0.362695,-0.00220684,0.310408,6,0.709093,0.265898,6,0.736604,0.261223,10.6434,0.263346,6.18226,0.8315,11.297,0.2,-0.00212537,0.281976,6,0.69484,6.45822,6,0.694991,6.32126,0.323244,9.96895,0.411587,4.14667,1.8062
3,28500,11.8276,0.654922,13.3828,0.202228,4.67779,0.0511953,13.3396,0.357923,0.000285197,0.310265,6,0.710086,0.256364,6,0.732218,0.250385,10.5371,0.263684,6.18975,0.867779,11.4126,0.2,0.000822998,0.288202,6,0.694833,6.53848,6,0.69684,6.50125,0.306044,9.8853,0.396744,4.26277,1.83668
3,28800,11.9468,0.653191,13.4867,0.195013,4.79873,0.0480161,13.4093,0.357415,0.000959748,0.309585,6,0.714315,0.258354,6,0.738525,0.245345,10.6672,0.253655,6.2612,0.851646,11.4754,0.2,0.00105245,0.281116,6,0.699532,6.43607,6,0.657035,5.84325,0.312077,9.97119,0.377637,4.32729,1.84823
4,18000,9.7017,0.663186,1.00054,1.72101,2.55038,0.048736,10.3205,0.527379,-0.000239515,0.146853,3.90253,0.1,0.57855,3.90552,0.1,0.587365,0.493922,1.59476,3.16923,0.75569,9.49506,0.457142,-0.000315592,0.149241,4.62764,0.124061,1.82925,4.49826,0.123082,1.75239,0.1301,0.46911,1.74655,2.34374,0.664226
4,18300,9.80403,0.649535,1.01791,1.68512,2.65432,0.0426956,10.4837,0.503299,-0.000549289,0.157732,3.41721,0.1,0.720643,3.31365,0.1,0.753561,0.47401,1.55356,3.33397,0.852152,9.81194,0.44438,-0.000710916,0.160345,3.87166,0.1,1.1526,3.54975,0.1,1.07752,0.107179,0.454933,1.64916,2.66223,1.75352
4,18600,9.85605,0.643963,0.769539,1.66898,2.70718,0.0427817,10.5934,0.502901,-0.000281206,0.146628,3.14782,0.1,0.884581,3.11782,0.1,0.905046,0.366005,1.51657,3.44451,0.835629,10.0387,0.449893,-0.00040192,0.150739,3.15443,0.1,0.837019,2.98811,0.1,0.796217,0.0927996,0.350925,1.57972,2.88979,1.81962
4,18900,9.97742,0.629054,0.88534,1.65261,2.50149,0.0383421,10.8565,0.476938,0.000311464,0.15953,3.13107,0.1,1.18876,3.07325,0.1,1.20395,0.38409,1.4996,3.3806,0.841234,10.1024,0.377772,0.00285876,0.170973,1.2732,1.2495,0.355982,1.57783,1.19519,1.86102,0.15556,0.359754,1.44019,2.62649,1.79239
4,19200,10.0015,0.625749,0.809591,1.58473,0.416585,0.0409383,10.8445,0.480467,0.000161173,0.150081,2.20038,0.968948,0.691196,2.20146,0.971485,0.687479,0.352074,1.43368,1.25956,0.616304,10.2238,0.387451,0.000206443,0.163304,1.67487,1.17918,1.83472,1.68554,1.18372,1.88201,0.138313,0.330704,1.37985,0.638887,1.01695
4,19500,10.0829,0.614496,0.872983,1.60193,0.107651,0.0431357,10.953,0.467602,0.000478773,0.15388,2.33782,0.974961,0.699625,2.33932,0.974951,0.690736,0.352796,1.41956,0.977737,0.646041,10.2707,0.348423,0.000587164,0.171662,1.88004,1.25178,1.75369,1.88621,1.24648,1.82358,0.17053,0.315955,1.37264,0.295463,0.80036
4,19800,10.0667,0.617021,0.68527,1.60603,-0.0244803,0.0404013,10.9057,0.481218,0.000405424,0.137323,2.26021,0.986412,0.665353,2.25192,0.98836,0.668869,0.297356,1.42967,0.814565,0.507989,10.2938,0.373464,0.000455758,0.155134,1.84843,1.21656,1.92292,1.85772,1.22087,1.96017,0.151855,0.26819,1.38082,0.202664,0.731881
4,20100,10.074,0.615562,0.670489,1.63931,-0.0177928,0.0384315,10.941,0.477937,8.79098e-05,0.138266,2.28587,0.989093,0.703115,2.29715,1.01799,0.679155,0.278847,1.43929,0.84922,0.504144,10.3162,0.368826,0.000177936,0.156408,1.88493,1.23925,1.8192,1.90856,1.24711,1.9046,0.154385,0.250143,1.3957,0.22438,0.910571
4,20400,10.0841,0.613358,0.687162,1.65783,0.00995064,0.0415869,10.9725,0.475658,0.000253584,0.138707,2.3221,1.01417,0.72145,2.33435,1.02439,0.69522,0.276751,1.43106,0.898321,0.596172,10.328,0.363977,0.000373004,0.157038,1.93191,1.25855,1.78712,1.96414,1.26427,1.92265,0.158543,0.246602,1.39635,0.253859,0.771857
4,20700,10.0579,0.614811,0.647483,1.65499,0.204729,0.0427296,10.9461,0.478993,0.000245279,0.134461,2.23148,0.981337,0.781627,2.29731,1.03032,0.672766,0.281625,1.4323,1.09292,0.622753,10.2451,0.35952,0.00028686,0.153123,1.86586,1.27671,1.93712,1.91534,1.28099,2.14879,0.169463,0.248194,1.40279,0.391887,1.02835
4,21000,10.0245,0.616126,0.69261,1.6632,0.384821,0.0423283,10.9773,0.47487,0.00110066,0.138699,2.17475,0.900892,1.05738,2.27826,1.01877,0.756954,0.306982,1.436,1.33763,0.568853,10.2309,0.34128,0.00237764,0.161146,1.67351,1.39115,0.790156,1.95903,1.31775,2.01591,0.186722,0.266775,1.43371,0.591222,1.50657
4,21300,9.97114,0.620248,0.620579,1.65945,0.51427,0.0384615,10.8777,0.491297,4.10404e-05,0.125247,2.32832,0.1,1.6578,2.36642,0.1,1.64293,0.31579,1.49843,1.42081,0.774171,10.2444,0.36711,-0.000149605,0.149864,1.48985,1.3911,0.372135,1.49338,1.39279,0.307495,0.168563,0.280251,1.46444,0.787564,1.7017
4,21600,9.97562,0.617259,0.693091,1.65664,0.567237,0.0423455,10.8778,0.489373,-2.58571e-05,0.126595,2.3385,0.253071,1.45243,2.53457,0.131626,1.4735,0.330873,1.5122,1.46941,0.394774,10.22,0.369667,-0.000375342,0.149012,1.45327,1.39109,0.280349,1.43785,1.4425,0.137606,0.167822,0.2952,1.46882,0.811586,1.83758
4,21900,9.97259,0.61576,0.74149,1.66651,0.606127,0.0481424,10.7971,0.493232,-8.1074e-05,0.123888,2.35885,0.262096,1.25469,1.90815,0.899439,0.926527,0.376636,1.50303,1.43067,0.478436,9.9768,0.357692,0.00214242,0.143311,1.2631,1.49342,0.335123,1.54326,1.37163,2.00978,0.19635,0.329625,1.49684,0.610339,2.05767
4,22200,9.99626,0.615073,0.72911,1.67431,0.771992,0.0474052,10.764,0.497695,7.15516e-05,0.118568,2.43646,0.220369,1.09897,1.7305,0.907897,0.876036,0.398332,1.49263,1.53968,0.514054,9.95861,0.36971,0.0026456,0.136076,1.11176,0.175673,0.1,1.43356,1.35549,2.7142,0.186262,0.350523,1.55699,0.734339,2.05878
4,22500,11.0926,0.558811,1.13391,1.60655,-1.23043,0.039811,12.5357,0.40207,-0.000174211,0.148846,4.69752,1.26899,0.549102,4.62962,1.26807,0.576935,0.469457,1.74728,0.212742,0.719162,12.6218,0.463116,-0.000203721,0.138204,4.27809,1.14647,3.44817,4.21993,1.14093,3.27555,-0.0635721,0.431359,1.52477,0.298858,0.827123
4,22800,11.2164,0.55843,1.30225,1.71873,-0.367318,0.0374593,12.7327,0.428142,7.31978e-05,0.127428,4.47657,1.37125,0.92199,4.48029,1.37457,0.919014,0.745014,1.51295,1.14899,0.612365,12.2135,0.322033,0.000170392,0.154934,5.00042,1.56793,1.89092,5.00676,1.56598,1.90731,0.14501,0.731875,1.52241,0.629748,0.791136
4,23100,10.8315,0.586531,1.15069,2.08084,-0.0176843,0.0360366,12.3308,0.509114,-8.22957e-05,0.054996,4.04701,1.45825,1.60605,4.02313,1.47018,1.63461,0.832452,2.37429,1.48161,0.306495,11.3597,0.271946,0.000187767,0.106508,6,1.99776,1.67415,6,2,1.69105,0.317252,0.694392,2.13617,0.510539,1.79155
4,23400,10.4327,0.611669,0.891772,1.31659,0.241614,0.03915,10.8358,0.664729,0.00154621,-0.102209,2.31552,0.988891,0.495523,2.2752,0.99201,0.482584,0.568277,0.987582,0.644654,0.576989,10.4979,0.619268,0.00150838,-0.0984678,1.98707,1.02265,3.16476,1.94001,1.0258,3.22094,0.0699322,0.566954,1.01269,0.306752,1.58812
4,23700,10.1997,0.636107,0.640616,1.28913,0.325015,0.0435531,10.7476,0.620644,0.00126379,-0.0187325,3.6492,0.82657,0.349455,3.53721,0.785637,0.364789,0.476369,1.34792,0.872943,0.573139,9.5777,0.326641,0.000765224,0.00884213,2.1333,0.928946,4.25644,2.07632,0.946221,4.4348,0.387884,0.295714,0.91213,-0.296947,1.57353
4,24000,9.81095,0.680807,0.875935,1.14055,0.460001,0.0438353,10.4089,0.607128,-0.000589261,0.0636106,3.91574,0.68755,0.3267,3.83549,0.695592,0.329548,0.66128,1.00481,1.05797,0.513332,9.00915,0.241156,-0.000423722,0.0821506,1.70016,0.829138,6.11228,1.69479,0.838051,6.31011,0.491676,0.38815,0.854977,-0.341796,1.04878
4,24300,9.63328,0.700047,1.37591,0.938153,1.01569,0.0435399,10.2222,0.602535,0.00134194,0.104669,4.43109,0.613801,0.30825,4.46386,0.617799,0.302662,0.937543,1.00977,1.60457,0.466894,8.69484,0.208833,0.000146658,0.111275,1.84365,0.687427,6.56029,1.84799,0.693218,6.79389,0.544944,0.531999,1.41924,0.0772528,1.30046
4,24600,9.65132,0.70275,1.81192,0.486597,1.10314,0.0454094,10.2612,0.594428,-8.14325e-05,0.127314,4.95187,0.550502,0.315724,4.9041,0.548141,0.319738,1.0802,0.816672,1.71299,0.490413,8.61284,0.223206,0.000152944,0.128212,2.09872,0.617221,5.97566,2.0578,0.619566,5.9319,0.534358,0.646258,1.55236,0.0646555,1.23985
4,24900,9.66308,0.708782,2.01502,0.341913,1.77481,0.0435301,10.3351,0.590637,0.00174485,0.139623,5.49938,0.488679,0.342805,5.44718,0.485813,0.34261,1.1147,0.79379,2.44686,0.43705,8.61856,0.225618,0.00120243,0.140024,2.5908,0.540541,4.95045,2.54951,0.542345,4.96951,0.53093,0.687533,1.61379,0.730295,1.23586
4,25200,9.6751,0.712773,2.25317,0.327347,1.79315,0.0432608,10.389,0.587005,0.000932125,0.151016,5.74194,0.48512,0.345149,5.75316,0.486258,0.34382,1.17441,0.836063,2.50707,0.443626,8.63382,0.222778,-6.03021e-05,0.151851,2.86898,0.535867,4.89659,2.89528,0.537315,4.8924,0.531051,0.743903,1.68491,0.751865,1.2283
4,25500,9.61986,0.721835,2.34537,0.326166,1.73879,0.046974,10.3175,0.590623,0.0012377,0.162292,5.92785,0.484925,0.32917,5.91406,0.484414,0.328606,1.14828,0.809501,2.43644,0.437602,8.58161,0.228905,0.000363857,0.161401,3.00863,0.488662,4.58319,2.96935,0.487976,4.53796,0.52725,0.759302,1.6197,0.700535,1.14504
4,25800,9.64926,0.723605,2.40177,0.310873,1.76942,0.0439722,10.3979,0.593069,0.00271638,0.152147,6,0.478817,0.334691,6,0.478331,0.330749,1.15503,0.73828,2.51805,0.625143,8.63604,0.227306,0.00198688,0.157709,3.59135,0.483742,4.64583,3.53625,0.483931,4.66357,0.529593,0.744008,1.37432,0.756199,1.06294
4,26100,9.67442,0.728459,2.25616,0.310502,1.79588,0.0448908,10.3934,0.604762,7.12163e-05,0.144389,6,0.465915,0.33258,6,0.467369,0.3333,1.08937,0.713025,2.51481,0.510077,8.61051,0.279918,0.000398942,0.144751,3.44269,0.471121,4.64322,3.45236,0.472425,4.64085,0.491026,0.726347,1.30418,0.73197,1.07442
4,26400,9.74469,0.727396,2.18999,0.302747,1.86787,0.0447841,10.4085,0.613837,0.000658191,0.135747,6,0.460186,0.332569,6,0.460698,0.332645,1.07333,0.65869,2.53171,0.532143,8.62738,0.302135,0.000507286,0.133726,3.15547,0.398671,3.80651,3.13816,0.398066,3.78226,0.478461,0.7219,1.26436,0.750569,1.22072
4,26700,9.75168,0.731136,2.55133,0.305288,1.8774,0.042545,10.5104,0.60064,0.00106443,0.148865,6,0.400372,0.364649,6,0.40044,0.363047,1.31944,0.68656,2.63611,0.556666,8.64029,0.256549,0.000713201,0.151477,3.16491,0.39459,3.75257,3.15495,0.394124,3.75021,0.516788,0.92819,1.17008,0.766017,1.09258
4,27000,9.75883,0.732398,2.53426,0.326737,1.90569,0.0508487,10.4482,0.611784,0.000461452,0.1417,5.94852,0.397742,0.353141,5.93849,0.397389,0.352711,1.29781,0.682714,2.59506,0.509715,8.60449,0.303984,0.000516001,0.143227,3.10735,0.393174,3.87927,3.07593,0.391512,3.87688,0.477084,0.943091,1.14444,0.75136,1.19774
4,27300,9.76769,0.734336,2.22148,0.346204,2.02273,0.0436806,10.4228,0.626555,-0.000131495,0.124979,5.61018,0.327338,0.379487,5.95188,0.393526,0.349666,1.10273,0.696431,2.67783,0.441623,8.60255,0.344325,-9.34572e-05,0.12764,2.90779,0.303885,3.17225,3.04629,0.387511,3.84304,0.447176,0.769859,1.14049,0.857594,1.32621
4,27600,9.7631,0.732215,2.37866,0.335026,2.14757,0.0462419,10.3719,0.626748,0.000787521,0.128579,5.79613,0.383519,0.348478,5.85956,0.385675,0.344991,1.10659,0.652118,2.75634,0.431405,8.6202,0.371652,8.63266e-05,0.129616,2.93391,0.29578,3.08633,2.94213,0.296968,3.08965,0.413581,0.799197,1.05945,1.00466,1.42032
4,27900,9.74914,0.725879,2.84934,0.336563,2.13923,0.0453666,10.3516,0.610999,0.000923957,0.145717,6,0.362935,0.339548,6,0.361452,0.33917,1.29881,0.645261,2.74168,0.75472,8.71889,0.384706,0.000550973,0.14841,3.56916,0.315582,3.22972,3.64726,0.318498,3.26481,0.37097,1.04622,0.989833,1.10898,1.32563
4,28200,9.80283,0.717633,2.82081,0.330858,2.19546,0.0453377,10.3859,0.602483,9.19928e-05,0.147326,6,0.359366,0.342768,6,0.356875,0.341385,1.25453,0.645029,2.7785,0.723558,8.73304,0.367391,-0.00016959,0.147952,3.6739,0.318348,3.24884,3.76596,0.320873,3.30467,0.384374,0.980544,0.980731,1.12566,1.29142
4,28500,9.81184,0.716276,2.26272,0.343334,2.24602,0.0446724,10.426,0.602102,-7.17895e-05,0.138784,6,0.356604,0.344767,6,0.352281,0.346944,1.07938,0.662721,2.8602,0.777849,8.75417,0.337767,0.000741192,0.14034,3.78495,0.319875,3.22381,3.85682,0.320641,3.26996,0.418117,0.783774,0.996709,1.18835,1.31359
4,28800,9.80272,0.718979,1.89044,0.348365,2.26087,0.0453102,10.432,0.606829,-0.00131423,0.12509,6,0.350309,0.33803,6,0.349312,0.345085,0.996415,0.673345,2.89018,0.760106,8.77072,0.32889,-0.000929357,0.126969,3.88028,0.32041,3.28203,3.8626,0.319174,3.242,0.432596,0.688885,0.998169,1.22887,1.27264
5,18000,9.59507,0.656073,2.20126,1.59782,2.47253,0.0447408,10.3063,0.493552,4.99366e-05,0.189863,5.19379,0.240386,0.546972,5.13533,0.229353,0.557302,1.02939,1.72007,3.18377,0.453052,8.49904,0.245355,1.64867e-05,0.190316,0.685301,0.915346,9.48342,3.57777,0.140417,2.36834,0.408429,0.846408,1.57348,1.3765,1.42188
5,18300,9.56001,0.65477,2.16975,1.61713,1.98783,0.0429793,10.2206,0.498483,0.000145164,0.185831,4.17513,0.337318,0.534908,4.05124,0.356425,0.535725,1.00185,1.6928,2.64843,0.460041,8.39367,0.237924,3.86099e-05,0.185522,0,0.1,0.1,4.17221,0.1,10,0.426227,0.810653,1.61053,0.821486,1.52525
5,18600,9.52192,0.655426,2.11065,1.6363,0.891838,0.0406037,10.187,0.50001,0.000443721,0.184261,3.94141,0.45334,0.488494,3.58135,0.473964,0.504739,0.956755,1.61989,1.5569,0.445447,8.61824,0.275613,0.000475159,0.1863,0.879114,0.967271,7.53836,0.867149,0.9679,7.68836,0.364344,0.780517,1.48953,-0.0118345,1.33383
5,18900,9.50157,0.655208,2.03597,1.65131,0.892327,0.0389489,10.1612,0.505017,0.00012188,0.177213,3.8584,0.461307,0.48253,3.62251,0.462271,0.501351,0.927365,1.59181,1.55199,0.559004,8.55784,0.261264,0.000192451,0.180248,0.814161,0.980825,8.03726,0.779273,1.01319,8.16572,0.389211,0.729256,1.48248,-0.0514122,1.14679
5,19200,9.47325,0.657081,1.94708,1.66022,0.884866,0.0474463,10.1241,0.51348,0.000354109,0.169006,3.80726,0.465636,0.484676,3.53576,0.456002,0.50668,0.904548,1.58121,1.53569,0.538277,8.49617,0.26351,0.000323661,0.172147,0.725012,1.01355,8.75835,0.733634,0.99118,8.56925,0.398482,0.701984,1.48626,-0.0922096,1.20461
5,19500,9.43876,0.661277,1.74691,1.56999,0.975319,0.0414156,10.0781,0.52317,0.000343879,0.15978,3.62325,0.459474,0.49516,3.4176,0.411483,0.530929,0.840359,1.54585,1.61465,0.428673,8.43197,0.269681,0.000284577,0.162587,0.47159,0.220621,2.18153,0.674442,1.01617,9.74623,0.404743,0.64094,1.48866,-0.0314772,1.28816
5,19800,9.46222,0.659002,1.78509,1.45517,1.09685,0.0413761,10.1006,0.522026,0.000516951,0.160116,3.5393,0.395662,0.552773,3.61672,0.405481,0.541389,0.83901,1.50856,1.73526,0.475076,8.40698,0.265792,0.000376492,0.16061,0.810585,0.106387,1.97837,0.663902,1.01468,9.77026,0.413001,0.64123,1.457,0.0416095,1.03175
5,20100,9.47232,0.65912,1.75078,1.40594,1.04266,0.0422237,10.0893,0.525241,0.000403882,0.15759,3.36108,0.4643,0.541071,3.47773,0.458836,0.531534,0.837973,1.44829,1.65961,0.445299,8.43543,0.285204,0.000548994,0.157654,0.752536,1.0156,9.43575,6,0.115668,9.57767,0.391834,0.646834,1.43113,0.00577073,1.52451
5,20400,9.52775,0.65725,1.66136,1.46521,0.894431,0.0415302,10.0947,0.528736,0.000267758,0.152999,2.85344,0.835528,0.386681,2.90077,0.772715,0.421471,0.810299,1.35437,1.46143,0.459033,8.456,0.286589,0.000261918,0.15343,0.777133,0.99471,8.15576,0.0534421,0.1,0.387189,0.393175,0.620505,1.44639,-0.17732,1.54251
5,20700,9.59619,0.654104,1.58308,1.59282,0.3423,0.0395557,10.1521,0.528674,0.000193129,0.149379,2.99162,0.913197,0.320866,2.96791,0.912109,0.325149,0.740154,1.37515,0.898255,0.698867,8.72549,0.318555,0.000205357,0.15161,1.2132,1.02935,6.0927,1.19412,1.03121,6.02355,0.338885,0.57603,1.40581,-0.528403,1.44422
5,21000,9.62714,0.653103,1.55148,1.68178,-0.258729,0.0397504,10.2027,0.527527,0.000175085,0.148269,3.06473,0.953587,0.309592,3.06508,0.956715,0.308963,0.707854,1.42343,0.31688,0.796473,8.9267,0.341948,0.000199071,0.151774,1.50247,1.02837,5.23933,1.50698,1.03231,5.24094,0.298119,0.567936,1.44955,-0.95917,1.39531
5,21300,9.65797,0.65113,1.52504,1.70881,-0.435005,0.0399374,10.2493,0.525704,-0.000179724,0.147334,3.15759,0.952101,0.316004,3.14438,0.953635,0.321287,0.67646,1.44718,0.156324,0.733155,9.00638,0.339254,-0.000147925,0.151412,1.62621,1.02587,4.79175,1.63268,1.03275,4.78102,0.295995,0.53767,1.48938,-1.08659,1.48522
5,21600,9.62942,0.652554,1.54606,1.6392,0.0519403,0.0414163,10.2205,0.532517,0.000350541,0.14231,3.12231,0.901759,0.35758,3.09204,0.89826,0.367932,0.701865,1.40522,0.64297,0.613521,8.82524,0.325025,0.000504858,0.145075,1.38076,1.03186,5.12512,1.3807,1.03619,5.239,0.33223,0.535054,1.49719,-0.752241,1.48404
5,21900,9.59395,0.656844,1.50041,1.56035,0.276499,0.0417043,10.2261,0.533284,0.000642941,0.142385,3.16644,0.791073,0.441169,3.12191,0.840394,0.410753,0.702578,1.43857,0.908685,0.578174,8.78095,0.325285,0.000787663,0.144167,1.34474,1.03366,5.32209,1.31749,1.03737,5.48566,0.336632,0.531095,1.46718,-0.536502,1.66254
5,22200,9.79492,0.647864,1.38505,1.60272,-0.0306464,0.0382086,10.4933,0.520865,0.000475366,0.142741,3.43747,0.964125,0.374864,3.37999,0.957245,0.388101,0.578414,1.42765,0.667723,0.679084,9.53045,0.391995,0.000721693,0.146713,2.36359,1.03913,4.25637,2.33973,1.03948,4.31545,0.207529,0.500803,1.47046,-0.295115,0.97175
5,22500,9.90197,0.641382,1.25262,1.41657,-0.201689,0.0374342,10.6187,0.516749,0.000495835,0.139388,3.57762,1.02729,0.367051,3.58235,1.02972,0.362008,0.447638,1.25223,0.514997,0.735943,10.0335,0.43199,0.00050967,0.144531,2.96685,1.04987,3.97503,2.94777,1.07131,4.1221,0.130817,0.411912,1.27671,-0.0701288,1.24139
5,22800,9.81605,0.642389,1.32103,0.923262,-0.268418,0.0414421,10.5129,0.525614,0.000134007,0.129337,3.56239,0.917308,0.392876,3.51525,0.947061,0.388533,0.596051,1.36178,0.428419,0.739748,9.72319,0.408696,0.000271725,0.134533,2.58966,0.98529,3.63665,2.58343,0.988338,3.64127,0.181645,0.532598,0.808933,-0.361285,1.04463
5,23100,9.77725,0.647594,1.74812,1.49064,0.420338,0.0429212,10.4001,0.539846,-0.00157434,0.126269,4.2708,0.760395,0.345243,4.23079,0.762938,0.353475,0.946538,1.44451,1.04314,0.64361,8.96812,0.303511,-0.00140192,0.124986,2.05338,0.854223,5.03764,1.99984,0.886734,5.07346,0.369328,0.717632,1.09459,-0.388796,1.33291
5,23400,9.47334,0.691137,1.78811,1.74636,0.843965,0.0424143,10.059,0.586088,-0.00175844,0.118254,4.3577,0.637785,0.317914,4.3315,0.640246,0.323912,1.12771,1.48695,1.42959,0.54572,8.48863,0.238459,-0.000925308,0.116285,1.83014,0.691047,5.98297,1.83296,0.694161,5.93815,0.507667,0.779177,1.48764,-0.140746,0.985475
5,23700,9.41623,0.707866,1.85515,1.29789,0.801013,0.0396087,9.99988,0.608924,-0.000448291,0.10655,4.73031,0.630045,0.292944,4.70317,0.63119,0.295627,1.25021,1.29529,1.38466,0.537169,8.39671,0.2,-0.0011472,0.109095,2.12462,0.650119,6.59393,2.08158,0.652098,6.4815,0.575092,0.748938,1.3827,-0.218512,1.80499
5,24000,9.33839,0.726286,1.79638,0.961451,0.755241,0.0418491,9.90612,0.632795,-1.62049e-06,0.0972757,4.64704,0.613809,0.289802,4.68682,0.615915,0.288737,1.28351,1.10993,1.32298,0.482973,8.32742,0.200002,-0.000314936,0.103973,2.0618,0.634833,6.59769,2.10661,0.637055,6.63912,0.595449,0.7668,1.46494,-0.25572,1.6444
5,24300,9.31592,0.73677,1.77197,0.672091,1.4222,0.045826,9.88673,0.643692,-0.000854803,0.0956787,4.86747,0.558712,0.306164,4.82896,0.558062,0.310372,1.28827,0.960789,1.99301,0.449117,8.25719,0.230914,-0.000707403,0.100899,2.2692,0.624228,6.84874,2.2427,0.626625,6.81476,0.579989,0.764821,1.50593,0.363471,1.15328
5,24600,9.31807,0.741473,1.85194,0.574274,1.43552,0.0453288,9.91025,0.649612,0.000887887,0.0906789,5.4149,0.564984,0.290827,5.35176,0.565692,0.292258,1.36852,0.934192,2.0277,0.556637,8.2706,0.256259,0.000875778,0.09852,2.68619,0.604248,6.57767,2.66278,0.607412,6.65454,0.557634,0.868875,1.80548,0.388049,1.04214
5,24900,9.24852,0.749107,2.12643,0.55279,1.36684,0.0481739,9.82993,0.64494,-0.000176426,0.112265,5.84059,0.559734,0.271336,5.81579,0.559549,0.273275,1.5075,0.884633,1.94825,0.476973,8.22075,0.274641,-0.000167311,0.115466,3.01527,0.569998,6.38002,2.98306,0.569888,6.33195,0.534132,1.03617,1.72509,0.339066,0.937415
5,25200,9.2289,0.75704,1.96783,0.508629,1.34777,0.0439702,9.86617,0.642729,0.000111468,0.117977,6,0.549341,0.278016,6,0.550428,0.278166,1.3515,0.84509,1.98504,0.765308,8.26508,0.258949,0.000126499,0.122516,3.47595,0.556116,6.06962,3.43089,0.557563,6.06242,0.545273,0.872222,1.71512,0.383956,1.06733
5,25500,9.27567,0.750112,2.25519,0.479587,1.39487,0.0442437,9.92463,0.634101,0.00182785,0.122101,6,0.540248,0.289468,6,0.541347,0.287326,1.48173,0.829514,2.04383,0.777728,8.27731,0.230897,0.00158225,0.127086,3.64609,0.546319,5.9134,3.63391,0.548448,5.95379,0.5705,0.933938,1.68688,0.396517,1.01084
5,25800,9.29724,0.743366,2.50125,0.463419,1.41707,0.0470397,9.906,0.63139,0.000338733,0.12578,6,0.532385,0.29015,6,0.534096,0.290104,1.56507,0.832901,2.02583,0.782885,8.24386,0.241408,0.000804893,0.125814,3.58456,0.540498,5.88372,3.57468,0.541921,5.90974,0.561748,1.04175,1.63429,0.363686,0.897507
5,26100,9.27624,0.744857,2.51025,0.467761,1.39658,0.0426384,9.89197,0.636611,0.000540688,0.120344,6,0.530363,0.290119,6,0.531855,0.290089,1.61854,0.820886,2.01232,0.759304,8.24323,0.249347,0.00064504,0.124278,3.5681,0.535914,5.747,3.56048,0.537291,5.76727,0.554517,1.11755,1.60578,0.363573,0.885646
5,26400,9.22105,0.750434,2.02559,0.476588,1.34182,0.0461909,9.83713,0.645829,-0.000174509,0.112054,6,0.529836,0.281846,6,0.52969,0.283271,1.26288,0.817892,1.95789,0.726505,8.21086,0.28248,0.000278652,0.118293,3.54608,0.534576,5.85658,3.53342,0.535291,5.85021,0.525794,0.8078,1.54727,0.33162,0.979983
5,26700,9.25846,0.747632,1.84267,0.469005,1.37936,0.0477865,9.85664,0.652824,0.000233743,0.0992874,6,0.529429,0.285137,6,0.530029,0.284689,1.13417,0.817573,1.97754,0.760071,8.20943,0.311455,0.000180108,0.1045,3.67139,0.537798,5.96991,3.67576,0.539022,5.98596,0.505053,0.69922,1.57261,0.330321,0.869812
5,27000,9.25571,0.745155,1.95036,0.472888,1.37663,0.0481697,9.83366,0.649015,-0.000956117,0.104287,6,0.529595,0.280559,6,0.530436,0.281558,1.20256,0.823509,1.95457,0.746699,8.22658,0.340741,-0.000172563,0.107211,3.72624,0.53865,5.95841,3.69308,0.539403,5.95067,0.467594,0.814305,1.59937,0.347492,0.852943
5,27300,9.23678,0.744651,1.84232,0.478454,1.35757,0.0424957,9.80662,0.655665,-0.000238682,0.0938344,6,0.53095,0.274886,6,0.531948,0.27477,1.1646,0.826201,1.92742,0.726258,8.22999,0.369756,-0.000601485,0.0985781,3.69613,0.539665,5.99745,3.6465,0.541138,5.99772,0.439718,0.80465,1.61545,0.350788,0.85554
5,27600,9.24633,0.741648,1.80903,0.484906,1.36699,0.044656,9.79023,0.65943,0.0011777,0.0871721,6,0.532296,0.271068,6,0.534532,0.270063,1.16888,0.836275,1.91089,0.709833,8.24918,0.393942,0.000133838,0.0907015,3.69628,0.540878,6.01266,3.61809,0.543743,5.99952,0.415162,0.838615,1.66378,0.369839,0.873742
5,27900,9.25461,0.737995,1.86122,0.488031,1.37513,0.0408364,9.80767,0.651168,0.00127505,0.0932272,6,0.534506,0.271842,6,0.537414,0.270997,1.184,0.83308,1.92819,0.660538,8.29923,0.393805,0.00020138,0.0971615,3.71424,0.543265,5.87242,3.67601,0.546976,5.89034,0.403253,0.872893,1.70073,0.419749,0.854519
5,28200,9.25622,0.73501,1.82581,0.498376,1.37652,0.0424481,9.79464,0.648535,0.00296305,0.093908,6,0.537351,0.267881,6,0.539021,0.265464,1.16902,0.842041,1.91493,0.680871,8.30714,0.39716,0.00205369,0.0963385,3.7254,0.546711,5.95012,3.66806,0.548855,5.98777,0.39656,0.86803,1.73665,0.427435,1.03204
5,28500,9.35756,0.722614,2.16282,0.465114,1.47755,0.0443043,9.90004,0.63182,0.00141642,0.103586,6,0.536408,0.279473,6,0.538133,0.277923,1.35266,0.813642,2.02003,0.647137,8.33555,0.358152,0.00169397,0.103474,3.78763,0.548654,5.90535,3.70268,0.549912,5.92064,0.428913,0.999622,1.73002,0.455542,1.03682
5,28800,9.38876,0.721454,1.86267,0.458136,1.50866,0.0444838,9.97003,0.633694,0.00139746,0.0914498,6,0.535611,0.285847,6,0.537418,0.285051,1.20415,0.799594,2.08993,0.776416,8.35877,0.33815,0.00105826,0.0928281,3.83744,0.549695,5.89457,3.72696,0.550144,5.86152,0.455227,0.814454,1.73251,0.478671,1.07823
6,18000,9.59508,0.656073,2.20126,1.59782,2.47254,0.041975,10.3064,0.493548,4.99582e-05,0.189865,5.19356,0.240371,0.547036,5.13521,0.229341,0.557357,1.02939,1.72007,3.18382,0.431037,8.49903,0.245362,1.6115e-05,0.190315,0.68583,0.915347,9.48325,3.57571,0.140429,2.36696,0.408422,0.846408,1.57339,1.37649,1.41398
6,18300,9.56002,0.654769,2.16975,1.61712,1.98784,0.0419925,10.2206,0.498485,0.000144756,0.18583,4.17533,0.337328,0.53484,4.05145,0.356405,0.535745,1.00185,1.6928,2.64839,0.456173,8.44773,0.243682,0.000232111,0.186396,0.62653,0.925897,10,1.49553,0.1,2.2753,0.414956,0.809454,1.57081,0.875546,1.50299
6,18600,9.52192,0.655426,2.11065,1.6363,0.891839,0.0445182,10.187,0.50001,0.000443915,0.184261,3.94132,0.453336,0.488519,3.58147,0.473966,0.504724,0.956755,1.61989,1.55691,0.477896,8.61823,0.275613,0.000475372,0.186301,0.878972,0.967373,7.53691,0.867262,0.967927,7.69054,0.364345,0.780517,1.48953,-0.0118456,1.29959
6,18900,9.50157,0.655208,2.03597,1.65131,0.892319,0.040734,10.1612,0.505017,0.000121999,0.177213,3.85834,0.461304,0.482544,3.62257,0.462272,0.501341,0.927365,1.59181,1.55199,0.512886,8.55744,0.261461,0.000204074,0.180228,0.812185,0.981382,8.04242,0.792137,0.984337,7.95655,0.389018,0.729246,1.47929,-0.0518058,1.04692
